,,,,,,,,,,,,,,,,,,,,,,,,,,,,,,,,,,,,,,,,,,,,,,,,,,,,,,
,,,,,,,,,,,,,,,,,,,,,,,,,,,,,,,,,,,,,,,,,,,,,,,,,,,,,,
,,,,,,,,,,,,,,,,,,,,,,,,,,,,,,,,,,,,,,,,,,,,,,,,,,,,,,
,,,Juspay Technologies India Pvt Ltd,Actuals,Actuals,Actuals,Actuals,Actuals,Actuals,Actuals,Actuals,Actuals,Actuals,Actuals,Actuals,,,AOP,AOP,AOP,AOP,AOP,AOP,AOP,AOP,AOP,AOP,AOP,AOP,AOP,,,Actuals,Actuals,Actuals,Actuals,Actuals,Actuals,Actuals,Actuals,Actuals,Actuals,Actuals,Actuals,Actuals,,,,,,,,,
,,,,2026-04-01 00:00:00,2026-05-31 00:00:00,2026-06-30 00:00:00,2026-07-31 00:00:00,2026-08-31 00:00:00,2026-09-30 00:00:00,2026-10-31 00:00:00,2026-11-30 00:00:00,2026-12-31 00:00:00,2027-01-31 00:00:00,2027-02-28 00:00:00,2027-03-31 00:00:00,,,2026-04-01 00:00:00,2026-05-31 00:00:00,2026-06-30 00:00:00,2026-07-31 00:00:00,2026-08-31 00:00:00,2026-09-30 00:00:00,2026-10-31 00:00:00,2026-11-30 00:00:00,2026-12-31 00:00:00,2027-01-31 00:00:00,2027-02-28 00:00:00,2027-03-31 00:00:00,FY27,,,2025-04-01 00:00:00,2025-05-31 00:00:00,2025-06-30 00:00:00,2025-07-31 00:00:00,2025-08-31 00:00:00,2025-09-30 00:00:00,2025-10-31 00:00:00,2025-11-30 00:00:00,2025-12-31 00:00:00,2026-01-31 00:00:00,2026-02-28 00:00:00,2026-03-31 00:00:00,FY27,,,,,,,,,
,,,Total Revenue,55.53777061582331,,,,,,,,,,,,,,53.104350876931704,55.93068716442491,61.970261139022476,76.35364343291101,70.55721412941381,158.81447529242726,76.8539384405769,77.55135748303402,89.2512503497985,85.88515783111876,89.40488381943109,96.4769133780219,992.1541333371122,,,48.722467178219844,50.78756784125268,50.46246311349591,53.161744100113765,54.127812713105286,58.675523875727585,53.77724392149244,51.78840356312877,60.36915294523279,60.27110950314665,53.89741416787958,67.44572558140923,660.8866285042045,,,,,,,,,
,,,Recurring Revenue,55.252770615823316,,,,,,,,,,,,,,53.104350876931704,55.93068716442491,61.970261139022476,76.35364343291101,70.55721412941381,158.81447529242726,76.8539384405769,77.55135748303402,89.2512503497985,85.88515783111876,89.40488381943109,96.4769133780219,992.1541333371122,,,46.12246717821984,50.78756784125268,50.46246311349591,53.161744100113765,54.127812713105286,58.675523875727585,53.77724392149244,51.78840356312877,60.36915294523279,60.27110950314665,53.89741416787958,67.44572558140923,660.8866285042045,,,,,,,,,
,,,Onetime Revenue,0.285,,,,,,,,,,,,,,0,0,0,0,0,0,0,0,0,0,0,0,0,,,2.6,0,0,0,0,0,0,0,0,0,0,0,0,,,,,,,,,
,,,India,53.34855275543193,,,,,,,,,,,,,,50.961172894342454,53.211023063917466,56.3988801078593,60.820303342748424,63.27129525198182,68.40855762145779,72.00410671334883,70.50220356905311,77.49672749377498,78.70545073613552,76.56361255479786,86.0718110947756,814.4151444441931,,,48.02791155533679,49.09054186532804,48.28656588934019,52.40627734079775,52.532609953963814,56.283950021399,52.397595718195596,50.4532644209621,55.587729771232794,55.64175301097998,52.16021425887819,58.2016622627355,628.4700760691497,,,,,,,,,
,,,Recurring Revenue,53.063552755431935,,,,,,,,,,,,,,50.961172894342454,53.211023063917466,56.3988801078593,60.820303342748424,63.27129525198182,68.40855762145779,72.00410671334883,70.50220356905311,77.49672749377498,78.70545073613552,76.56361255479786,86.0718110947756,814.4151444441931,,,45.42791155533679,49.09054186532804,48.28656588934019,52.40627734079775,52.532609953963814,56.283950021399,52.397595718195596,50.4532644209621,55.587729771232794,55.64175301097998,52.16021425887819,58.2016622627355,628.4700760691497,,,,,,,,,
,,,Merchant Business,18.564845459620532,,,,,,,,,,,,,,16.158399770929254,16.996256140650832,18.544594566154412,19.39011794767455,20.311492051447065,24.04688126989696,22.66482806035031,23.093895286838954,29.01212076101995,26.19227298700515,24.84839531153677,31.232369339899908,272.4916234934042,,,15.7683193537793,16.87888809082804,17.889874548045984,18.39289965479774,18.408459677963812,19.461035948398997,17.281400943195603,16.7574535879621,21.398290288232797,18.455123713269984,16.99756395651252,22.86159965656931,220.55090941955618,,,,,,,,,
,,,Hypercheckout,15.386200845798532,,,,,,,,,,,,,,13.289737265929253,13.886916874550833,14.091087652054412,15.420326293774556,15.840023425044667,18.222699347705163,17.298784743390115,16.877347292294658,19.298327029344254,19.107244954628854,17.871111882336773,20.516945136427232,201.7205518974808,,,14.3982905598453,15.34230314207004,15.271577129045985,16.254441258797737,15.653450440115812,15.863719107472997,14.652887462101601,13.861193834911099,15.975348657143797,15.017849885999986,13.741419877092518,16.572416851710706,182.60489820630755,,,,,,,,,
,,,Existing,15.38100076357554,,,,,,,,,,,,,,13.289737265929253,13.831863192800833,13.809934070304411,14.822855213274556,15.188452344544666,17.258128267205162,15.902511208390116,15.383073757294659,17.329053494344254,17.038446874628853,15.787313802336774,18.380647056427232,188.02201654748077,,,14.3982905598453,15.34230314207004,15.271577129045985,16.254441258797737,15.653450440115812,15.863719107472997,14.652887462101601,13.861193834911099,15.975348657143797,15.017849885999986,13.741419877092518,16.572416851710706,182.60489820630755,,,,,,,,,
,,,EC/PP,14.711887036341336,,,,,,,,,,,,,,12.719737265929252,13.261863192800833,13.239934070304411,14.252855213274556,14.618452344544666,15.688128267205164,15.332511208390116,14.813073757294658,16.759053494344254,16.468446874628853,15.217313802336774,17.810647056427232,180.18201654748077,,,13.5123199998453,14.31976594309004,14.395626795045985,15.317843308797737,14.708493210115812,13.767364927472997,13.649514142101602,13.420587414911099,15.453686667143797,14.274694707999986,13.199186123092518,15.803211907710708,171.82229514732757,,,,,,,,,
,,,Safe,0.6159388,,,,,,,,,,,,,,0.51,0.51,0.51,0.51,0.51,1.51,0.51,0.51,0.51,0.51,0.51,0.51,7.119999999999998,,,0.630094,0.77501717198,0.617825584,0.658771,0.5510883,1.9662206,0.8830063,0.3826059,0.464149481,0.695219547,0.49770265700000005,0.714005199,8.83570573998,,,,,,,,,
,,,Payouts,0.053174927234204965,,,,,,,,,,,,,,0.06,0.06,0.06,0.06,0.06,0.06,0.06,0.06,0.06,0.06,0.06,0.06,0.7200000000000002,,,0.25587656000000003,0.247520027,0.25812475,0.27782695,0.39386893,0.13013358,0.12036701999999999,0.05800052000000001,0.057512508999999996,0.04793563100000001,0.044531097000000006,0.055199744999999995,1.946897319,,,,,,,,,
,,,New Merchants,0.005200082222992219,,,,,,,,,,,,,,0,0.05505368175,0.28115358175,0.5974710805,0.6515710805,0.9645710805,1.396273535,1.494273535,1.9692735350000001,2.06879808,2.08379808,2.13629808,13.69853535,,,0,0,0,0,0,0,0,0,0,0,0,0,0,,,,,,,,,
,,,Hypercredit,0.9640858599999997,,,,,,,,,,,,,,0.8861120336,1.0872,1.2456,1.4556,1.7102000000000002,1.9663,2.6329000000000002,2.82245,3.09935,3.4229000000000003,3.3879,3.9765999999999995,27.6931120336,,,0.40941818931700036,0.5147294633279997,0.6637782449999997,0.690821449,0.617815887,0.792687056,0.7159353030000001,0.657889812,0.955654508,1.0389277430000001,1.0492035144000003,1.7723939140000005,9.879255084045,,,,,,,,,
,,,Existing,0.9640858599999997,,,,,,,,,,,,,,0.8843120336,1.0528,1.1864000000000001,1.3231,1.4787000000000001,1.5913,1.9539,1.90245,2.14735,2.2854,2.2499000000000002,2.5395999999999996,20.5952120336,,,0.40941818931700036,0.5147294633279997,0.6637782449999997,0.690821449,0.617815887,0.792687056,0.7159353030000001,0.657889812,0.955654508,1.0389277430000001,1.0492035144000003,1.7723939140000005,9.879255084045,,,,,,,,,
,,,New ,0,,,,,,,,,,,,,,0.0018,0.0344,0.05920000000000001,0.1325,0.2315,0.375,0.679,0.92,0.9520000000000001,1.1375,1.1380000000000001,1.4369999999999998,7.097899999999999,,,0,0,0,0,0,0,0,0,0,0,0,0,0,,,,,,,,,
,,,Hyper UPI,0.060592746999999995,,,,,,,,,,,,,,0.06,0.06,0.06,0.06,0.06,0.06,0.06,0.06,0.06,0.06,0.06,0.06,0.7200000000000002,,,0.22035609643700002,0.204600166,0.178019981,0.160221864,0.13580036299999998,0.06590015,0.06687421,0.0588377,0.057168459,0.069130046979,0.056689016999999994,0.07026008751999999,1.3438581409359998,,,,,,,,,
,,,Lotuspay,0.46353267000000004,,,,,,,,,,,,,,0.45,0.45,0.45,0.47,0.47,0.47,0.49,0.49,0.49,0.52,0.52,0.52,5.789999999999999,,,0.337871755,0.37002811,0.40571559,0.4454441,0.4769167,0.4400543,0.481763,0.4299099,0.47114281500000005,0.4848583,0.47259548999999995,0.5572127,5.37351276,,,,,,,,,
,,,Breeze,0.6011112785500003,,,,,,,,,,,,,,0.6,0.6,0.6,0.65,0.65,0.65,0.7,0.7,0.7,0.75,0.75,0.75,8.1,,,0.12054654917999999,0.13542985343000008,0.14544582899999994,0.16083047999999983,0.6879670059999998,0.6753890532400001,0.6448364427400001,0.6475934529400001,0.6469425437999999,0.6497342865400004,0.6499256140199999,0.596150604975,5.760791715865,,,,,,,,,
,,,Merchant UPI Acquiring,1.089322058272,,,,,,,,,,,,,,0.8725504713999999,0.9121392661000001,2.0979069141,1.3341916539,1.5812686264024003,2.6778819221918,1.4831433169602,2.1440979945443,5.3644437316757,2.3321280323763,2.2593834291999997,5.408824203472681,28.46795956232338,,,0.281836204,0.311797356,1.2253377739999995,0.6811405030000001,0.8365092818479999,1.6232862816859999,0.7191045253539998,1.1020288881109999,3.2920333052889994,1.194623450751,1.0277304440000001,3.2931654983636007,15.588593512402598,,,,,,,,,
,,,Existing,1.089322058272,,,,,,,,,,,,,,0.5725504713999999,0.6121392661,1.7979069141000004,0.9341916539,1.1812686264024002,2.1778819221918,0.9831433169602001,1.6440979945443002,4.7644437316757005,1.7321280323762998,1.4593834291999999,4.608824203472681,22.46795956232338,,,0.281836204,0.311797356,1.2253377739999995,0.6811405030000001,0.8365092818479999,1.6232862816859999,0.7191045253539998,1.1020288881109999,3.2920333052889994,1.194623450751,1.0277304440000001,3.2931654983636007,15.588593512402598,,,,,,,,,
,,,New ,0,,,,,,,,,,,,,,0.3,0.3,0.3,0.4,0.4,0.5,0.5,0.5,0.6,0.6,0.8,0.8,5.999999999999999,,,0,0,0,0,0,0,0,0,0,0,0,0,0,,,,,,,,,
,,,Bank Business,32.4732214055391,,,,,,,,,,,,,,32.1465731234132,33.41006692326664,34.64618554170488,37.52458539507388,37.90140320053475,38.337276351560824,41.370178652998504,40.77040828221415,42.00710673275505,44.89257774913037,44.29041724326108,46.9033417548757,474.20012095078897,,,29.004894332,31.578309138999998,29.806286568000004,33.407833475000004,33.379362005,34.080345259000005,32.98032888099999,31.849870682,32.258251324999996,35.5343894015,33.58309754175128,33.41187475500189,390.87484336425314,,,,,,,,,
,,,Consumer Issuer App,26.283369901,,,,,,,,,,,,,,26.045641713313202,27.03580882097514,27.181018411430596,28.601367382218143,29.34204208615986,29.075443706977293,30.612029914587357,29.96038580390642,30.87220796031151,32.62650347589292,31.880681262182346,33.7510730520424,356.98420358999715,,,23.604189525,25.040840063,25.657179657000004,28.058792448000002,28.955760343999994,28.931585129000002,27.966664009999995,26.407782921999996,27.29350403,28.352064149500006,27.384014224500003,27.503386676000005,325.155763178,,,,,,,,,
,,,Existing,26.283369901,,,,,,,,,,,,,,25.725641713313202,26.495808820975142,26.631018411430595,27.986367382218145,28.64204208615986,28.28044370697729,29.792029914587356,29.00038580390642,29.83720796031151,31.45150347589292,30.585681262182344,32.2860730520424,346.71420358999717,,,23.604189525,25.040840063,25.657179657000004,28.058792448000002,28.955760343999994,28.931585129000002,27.966664009999995,26.407782921999996,27.29350403,28.352064149500006,27.384014224500003,27.503386676000005,325.155763178,,,,,,,,,
,,,New ,0,,,,,,,,,,,,,,0.32,0.54,0.55,0.615,0.7000000000000001,0.795,0.8200000000000001,0.96,1.0350000000000001,1.175,1.2950000000000002,1.4649999999999999,10.270000000000001,,,0,0,0,0,0,0,0,0,0,0,0,0,0,,,,,,,,,
,,,Bank Acquirer & Issuance Business,4.6299377900000005,,,,,,,,,,,,,,4.762181410099999,4.968570602291499,5.9891952552742875,7.373447544105736,6.932102122187393,7.5532107027866555,8.964095699524432,8.926266787476669,9.156955297070922,10.189233624096213,10.229053299480439,10.862551887155075,95.9068642315493,,,4.900704807,6.037469075999999,3.649106911,4.849041027,3.9236016609999997,4.53976013,4.278482671,4.60312126,3.9576941089999997,5.603541993,4.811278854999999,4.4853615723,55.639164072300005,,,,,,,,,
,,,Existing,4.6299377900000005,,,,,,,,,,,,,,4.6621814101,4.868570602291499,5.129195255274287,5.843447544105736,5.702102122187393,6.038210702786656,6.314095699524432,6.1062667874766685,6.246955297070922,6.004233624096213,5.969053299480439,6.482551887155075,69.36686423154931,,,4.900704807,6.037469075999999,3.649106911,4.849041027,3.9236016609999997,4.53976013,4.278482671,4.60312126,3.9576941089999997,5.603541993,4.811278854999999,4.4853615723,55.639164072300005,,,,,,,,,
,,,New ,0,,,,,,,,,,,,,,0.1,0.1,0.86,1.53,1.23,1.515,2.65,2.82,2.91,4.185,4.26,4.38,26.539999999999996,,,0,0,0,0,0,0,0,0,0,0,0,0,0,,,,,,,,,
,,,HDFC VAS,1.559913714539102,,,,,,,,,,,,,,1.33875,1.4056875,1.4759718750000002,1.54977046875,1.6272589921875005,1.7086219417968755,1.7940530388867193,1.8837556908310555,1.9779434753726086,2.076840649141239,2.180682681598301,2.289716815678216,21.309053129242514,,,0.5,0.5,0.5,0.5,0.5,0.609,0.7351822,0.8389665,1.007053186,1.578783259,1.3878044622512764,1.4231265067018821,10.079916113953159,,,,,,,,,
,,,PA,1.5717101182,,,,,,,,,,,,,,2.2012,2.3497,2.7531,3.4506,4.0574,5.5694,5.6941,5.6369,6.0225,6.2556,6.6058,7.1171,57.7134,,,0.10942898799999996,0.0989411225,0.082911338,0.0856441,0.19422452499999998,1.9520689039999999,1.677275541,1.380812497,1.474530108,1.2021096080000002,1.1127106310000003,1.42027938108,10.790936743580001,,,,,,,,,
,,,Networks & Jusbiz,0.4537757720723,,,,,,,,,,,,,,0.455,0.455,0.455,0.455,1.001,0.455,2.275,1.001,0.455,1.365,0.819,0.819,10.009999999999998,,,0.5452688815575002,0.534403513,0.5074934352942,0.5199001110000001,0.5505637460000001,0.7904999100000002,0.45859035299999995,0.4651276540000001,0.4566580500000001,0.45013028821,0.4668421296143999,0.5079084700843001,6.253386541760399,,,,,,,,,
,,,Onetime Revenue,0.285,,,,,,,,,,,,,,0,0,0,0,0,0,0,0,0,0,0,0,0,,,2.6,0,0,0,0,0,0,0,0,0,0,0,0,,,,,,,,,
,,,Merchant Business,0,,,,,,,,,,,,,,0,0,0,0,0,0,0,0,0,0,0,0,0,,,0,0,0,0,0,0,0,0,0,0,0,0,0,,,,,,,,,
,,,Bank Business,0.285,,,,,,,,,,,,,,0,0,0,0,0,0,0,0,0,0,0,0,0,,,2.6,0,0,0,0,0,0,0,0,0,0,0,0,,,,,,,,,
,,,PA,0,,,,,,,,,,,,,,0,0,0,0,0,0,0,0,0,0,0,0,0,,,0,0,0,0,0,0,0,0,0,0,0,0,0,,,,,,,,,
,,,Networks & Jusbiz,0,,,,,,,,,,,,,,0,0,0,0,0,0,0,0,0,0,0,0,0,,,0,0,0,0,0,0,0,0,0,0,0,0,0,,,,,,,,,
,,,International,2.1892178603913783,,,,,,,,,,,,,,2.1431779825892474,2.719664100507441,5.57138103116318,15.533340090162593,7.285918877431985,90.40591767096947,4.849831727228061,7.04915391398092,11.754522856023513,7.17970709498325,12.84127126463323,10.405102283246306,177.73898889291917,,,0.694555622883051,1.6970259759246389,2.175897224155722,0.755466759316014,1.595202759141472,2.3915738543285867,1.379648203296847,1.3351391421666672,4.7814231739999995,4.629356492166667,1.737199909001387,9.244063318673726,32.41655243505478,,,,,,,,,
,,,Recurring Revenue,2.1892178603913783,,,,,,,,,,,,,,2.1431779825892474,2.719664100507441,5.57138103116318,15.533340090162593,7.285918877431985,90.40591767096947,4.849831727228061,7.04915391398092,11.754522856023513,7.17970709498325,12.84127126463323,10.405102283246306,177.73898889291917,,,0.694555622883051,1.6970259759246389,2.175897224155722,0.755466759316014,1.595202759141472,2.3915738543285867,1.379648203296847,1.3351391421666672,4.7814231739999995,4.629356492166667,1.737199909001387,9.244063318673726,32.41655243505478,,,,,,,,,
,,,Merchant Business,1.5375788754411115,,,,,,,,,,,,,,1.507424584739785,1.6289107026579785,1.7506276333137176,2.4305866923131294,2.555165479582523,2.922592273119999,3.050006329378599,3.156328516131457,3.4026974581740506,4.6518816971337875,4.853445866783767,5.147276885396844,37.05694411872564,,,0.295965434673148,0.296796670832624,0.31333667426016,0.356002180201344,0.375634344971872,0.39902501706192,0.43184090013018,0.5225948890000001,0.5136477460000001,0.9772864839999998,1.0880209988347205,2.0906508555070595,7.660802195473028,,,,,,,,,
,,,SEA MENA,0.34564517644111153,,,,,,,,,,,,,,0.25267726393978496,0.2601483818579785,0.30569963331371786,0.3245457423131294,0.44773363458252324,0.4896304436199989,0.554711516928599,0.6000324224364568,0.8443649551095506,0.9448291437628371,1.1067292580757222,1.3788498158179938,7.509952211758291,,,0.12242943467314803,0.13895257982262402,0.14795667426016,0.179607480201344,0.195089144971872,0.19517211706192,0.22205850013018,0.31547878900000004,0.28735883800000006,0.30224150899999996,0.2963956778347205,0.3187039855070598,2.7214447304630283,,,,,,,,,
,,,Latam,0,,,,,,,,,,,,,,0.0569715,0.1345865,0.173736,0.18604895,0.187439845,0.18896982950000002,0.19255281245,0.194404093695,0.19644050306450003,0.22091055337095006,0.24237460870804503,0.26408506957884953,2.238520265367345,,,0,0,0,0,0,0,0,0,0,0,0.0136,0.24,0.2536,,,,,,,,,
,,,EU,0.936026343,,,,,,,,,,,,,,0.979992,0.979992,0.979992,1.555992,1.555992,1.879992,1.915992,1.915992,1.915992,2.971992,2.971992,2.971992,22.595903999999997,,,0.173536,0.15784409101,0.15278,0.1636447,0.1674952,0.1908029,0.1967324,0.1939161,0.212938908,0.582582875,0.6058260209999999,1.288782949,4.08688214401,,,,,,,,,
,,,US,0.25590735600000003,,,,,,,,,,,,,,0.2177838208,0.2541838208,0.2912,0.364,0.364,0.364,0.38675,0.4459,0.4459,0.51415,0.53235,0.53235,4.7125676416,,,0,0,0.0126,0.01275,0.01305,0.01305,0.01305,0.0132,0.01335,0.0924621,0.1721993,0.243163921,0.598875321,,,,,,,,,
,,,Bank Business,0.19590978495026667,,,,,,,,,,,,,,0.18075339784946237,0.18075339784946237,0.18075339784946237,8.370753397849462,0.18075339784946237,84.25282539784946,0.25282539784946234,0.25282539784946234,3.0738253978494625,0.9353253978494624,0.9353253978494624,0.9353253978494624,99.73204477419355,,,0.025548532209903,0.025080225764014998,0.025340562536362004,0.026422923114669997,0.19,0.189623181266667,0.189216752166667,0.189495483166667,0.189939889,0.19330480816666668,0.19344971016666665,0.19768326316666665,1.6351053307249508,,,,,,,,,
,,,SEA MENA,0.19590978495026667,,,,,,,,,,,,,,0.18075339784946237,0.18075339784946237,0.18075339784946237,0.18075339784946237,0.18075339784946237,0.25282539784946234,0.25282539784946234,0.25282539784946234,0.3438253978494624,0.3893253978494624,0.3893253978494624,0.3893253978494624,3.174044774193548,,,0.025548532209903,0.025080225764014998,0.025340562536362004,0.026422923114669997,0.19,0.189623181266667,0.189216752166667,0.189495483166667,0.189939889,0.19330480816666668,0.19344971016666665,0.19768326316666665,1.6351053307249508,,,,,,,,,
,,,Latam,0,,,,,,,,,,,,,,0,0,0,8.19,0,0,0,0,2.73,0.546,0.546,0.546,12.557999999999998,,,0,0,0,0,0,0,0,0,0,0,0,0,0,,,,,,,,,
,,,EU,0,,,,,,,,,,,,,,0,0,0,0,0,84,0,0,0,0,0,0,84,,,0,0,0,0,0,0,0,0,0,0,0,0,0,,,,,,,,,
,,,Networks & Jusbiz,0.4557292,,,,,,,,,,,,,,0.455,0.91,3.64,4.732,4.55,3.2305,1.547,3.64,5.278,1.5925,7.0525,4.3225,40.949999999999996,,,0.373041656,1.375149079328,1.8372199873592001,0.373041656,1.0295684141696,1.8029256559999998,0.758590551,0.62304877,4.077835539,3.4587652,0.4557292,6.9557292,23.1206449088568,,,,,,,,,
,,,Onetime Revenue,0,,,,,,,,,,,,,,0,0,0,0,0,0,0,0,0,0,0,0,0,,,0,0,0,0,0,0,0,0,0,0,0,0,0,,,,,,,,,
,,,Merchant Business,0,,,,,,,,,,,,,,0,0,0,0,0,0,0,0,0,0,0,0,0,,,0,0,0,0,0,0,0,0,0,0,0,0,0,,,,,,,,,
,,,Bank Business,0,,,,,,,,,,,,,,0,0,0,0,0,0,0,0,0,0,0,0,0,,,0,0,0,0,0,0,0,0,0,0,0,0,0,,,,,,,,,
,,,Networks & Jusbiz,0,,,,,,,,,,,,,,0,0,0,0,0,0,0,0,0,0,0,0,0,,,0,0,0,0,0,0,0,0,0,0,0,0,0,,,,,,,,,
,,,,,,,,,,,,,,,,,,,,,,,,,,,,,,,,,,,,,,,,,,,,,,,,,,,,,,
,,,,,,,,,,,,,,,,,,,,,,,,,,,,,,,,,,,,,,,,,,,,,,,,,,,,,,
,,,Direct Cost,10.007696473333334,,,,,,,,,,,,,,9.836255962287321,10.19653328059388,11.140406192136565,12.23723859555969,12.712241384301233,14.846546276008528,14.493218287747109,14.369004933500051,16.41713791757245,16.32243906654712,17.418801882299956,18.738974709296645,168.72879848785055,,,6.565010843832001,7.161043566831999,6.544095621951,7.602422757836001,8.83560078121,11.479784671790002,11.48141787611,10.948162208300001,10.516578153000001,8.237750342999998,10.287125538,10.053111994333333,109.71210435619435,,,,,,,,,
,,,% of Revenue,0.18019622254124176,,,,,,,,,,,,,,0.18522504841613924,0.18230659763964877,0.17977019924354468,0.16027052600721114,0.18016926463373176,0.09348358358815455,0.1885813346957254,0.18528373196618214,0.1839429459333005,0.19004959039189204,0.19483054099684638,0.19423273458047333,0.17006309082272422,,,0.13474298868770596,0.1409999311094274,0.12968244548888888,0.14300551809434958,0.16323587335851733,0.19564860973553005,0.21349955927215847,0.21140180918985976,0.174204500807568,0.13667825946641848,0.19086491804519,0.1490548423591187,0.16600745063416936,,,,,,,,,
,,,India,9.647312763333334,,,,,,,,,,,,,,9.432214123661945,9.736344218384865,10.464773743796401,11.336287345097064,11.799114376384729,13.952298909384528,13.69340930019397,13.401421508596341,15.24354451393764,15.150454728320362,15.824304710143203,17.266811333417277,157.30097881131832,,,6.3988989702,6.9862451445,6.346867262999999,7.385814095000001,8.614563934,11.269578032000002,11.271298146,10.695615184800001,10.384655753,8.116876654999999,10.1545158973,9.893016372333333,107.51794544713334,,,,,,,,,
,,,% of India Revenue,0.18083551033820777,,,,,,,,,,,,,,0.18508628408568437,0.18297607634210486,0.18554931806772018,0.18638985210600212,0.18648447656072206,0.20395546104904416,0.19017539311622833,0.1900851438702958,0.1966992027522981,0.19249562243297633,0.20668179285319752,0.20060936459678308,0.19314594023011467,,,0.13323292150289145,0.14231346567054878,0.13144167836547563,0.14093376728459628,0.16398507406255367,0.20022720558374704,0.21511097964531084,0.21199054823410463,0.18681561192977814,0.1458774430309244,0.19467933637890683,0.1699782443957359,0.17107886205118744,,,,,,,,,
,,,Merchant Business,4.934776909333333,,,,,,,,,,,,,,4.398015945023021,4.5991014737562,4.856702695877059,4.864628307441892,4.730758092347296,5.32925150477527,4.7535587344840735,4.664534868841349,6.084908982644787,5.506145516881236,5.929066734114928,6.715768641575977,62.43244149776308,,,4.113430882409081,4.625713421610914,4.377465622048117,4.914324996144045,5.238882226951914,5.665740650948671,5.508410931,5.274111036926092,5.2038865179238645,2.8469414313242507,5.357300820176979,5.2637811973333335,58.38998973479727,,,,,,,,,
,,,% of Merchant Revenue,0.26581298077954485,,,,,,,,,,,,,,0.27218140455563783,0.2705949731338944,0.2618931720805041,0.2508818316922773,0.23291041743091737,0.22161923806089076,0.20973283899735007,0.20198129466273426,0.20973678666126117,0.2102202248584159,0.23860964298817894,0.21502591008990352,0.2291169199895581,,,0.2608667918323957,0.27405320757618623,0.24468956505490108,0.26718598417744077,0.28459101514197926,0.2911325309696463,0.31874793884513675,0.3147322479063768,0.24319169652472425,0.15426292858048868,0.3151805066822155,0.23024553296386585,0.2647460846498774,,,,,,,,,
,,,Direct Cloud Cost,4.2418303,,,,,,,,,,,,,,3.8780159450230207,4.079101473756199,4.336702695877059,4.344628307441892,4.210758092347295,4.80925150477527,4.233558734484074,4.144534868841349,5.564908982644788,4.908145516881236,5.331066734114928,6.117768641575977,55.95844149776308,,,3.652224722409081,4.1546780216109145,3.874409802048117,4.318772796144045,4.6767265269519145,5.094234892948672,4.9526665880000005,4.709469036926092,4.673732617923864,2.253340196324251,4.78172362417698,4.72467056,51.86664938546394,,,,,,,,,
,,,Other Direct Expenses,0,,,,,,,,,,,,,,0,0,0,0,0,0,0,0,0,0,0,0,0,,,0,0,0,0,0,0,0,0,0,0,0,0,0,,,,,,,,,
,,,Customer Success,0.6929466093333332,,,,,,,,,,,,,,0.52,0.52,0.52,0.52,0.52,0.52,0.52,0.52,0.52,0.598,0.598,0.598,6.473999999999999,,,0.4612061599999999,0.4710354,0.50305582,0.5955522,0.5621556999999999,0.5715057579999999,0.555744343,0.564642,0.5301539,0.5936012349999995,0.5755771959999998,0.5391106373333333,6.523340349333333,,,,,,,,,
,,,Bank Business,2.8782596840000005,,,,,,,,,,,,,,2.664198178638924,2.752642744628665,2.8391710479193417,3.040659037655172,3.0670362840374326,3.0975474046092577,3.3098505657098958,3.267866639754991,3.3544355312928538,3.618509211439126,3.5763579760282758,3.7592626918412986,38.347537313555236,,,1.9406425562,1.9466503875,1.554249998,2.000270765,2.7280976020000005,2.7998562870000003,3.108621214,3.0225216584,2.9280228549999996,3.42930563,3.1490223074,2.709126963,31.3163882235,,,,,,,,,
,,,% of Bank Business Revenue,0.08863486772855382,,,,,,,,,,,,,,0.08287658433795912,0.08238962079754876,0.08194757961166396,0.08103111615070213,0.08092144419587503,0.08079727355183247,0.0800057112025548,0.08015290445792711,0.07985400072024557,0.0806037299007456,0.08074789533784374,0.08014914398824292,0.08086783537015341,,,0.06690741686512414,0.06164517482336755,0.052145039753749164,0.05987430362692801,0.08173007026291726,0.08215457518760344,0.09425682882716431,0.09489902450712877,0.09076818285964544,0.09650667108002255,0.09376807197385718,0.08108275823685808,0.0801187100043594,,,,,,,,,
,,,Direct Cloud Cost,1.27679768,,,,,,,,,,,,,,0.9643971937023958,1.0023020076979992,1.0393855662511464,1.1257375618522163,1.1370420960160426,1.1501182905468246,1.241105359589955,1.2231122484664245,1.2602132019826513,1.346777332473911,1.3287125172978325,1.4071002526462708,14.22600362852367,,,0.3244674602,0.3197872,0.3617409,0.7755262,1.1435401,1.1199735,1.4731549,1.5532414714,1.6834287,1.583838899,1.2677751934,1.33007271,12.936547233999999,,,,,,,,,
,,,Other Direct Expenses,1.18,,,,,,,,,,,,,,1.2858629249365279,1.3364026769306656,1.3858474216681953,1.5009834158029551,1.51605612802139,1.533491054062433,1.6548071461199403,1.630816331288566,1.680284269310202,1.7957031099652148,1.7716166897304433,1.876133670195028,18.968004838031565,,,1.2887324960000002,1.2966247960000001,0.8740603979999999,0.802810565,1.216222002,1.315393187,1.2860298140000002,1.120648187,0.8909269549999999,1.446503743,1.4680527259999998,0.965116193,13.971121062000002,,,,,,,,,
,,,Customer Success,0.4214620040000001,,,,,,,,,,,,,,0.4139380600000002,0.4139380600000002,0.4139380600000002,0.4139380600000002,0.4139380600000002,0.4139380600000002,0.4139380600000002,0.4139380600000002,0.4139380600000002,0.47602876900000024,0.47602876900000024,0.47602876900000024,5.153528847000003,,,0.3274426,0.3302383915,0.3184487,0.421934,0.3683355,0.3644896,0.3494365,0.348632,0.3536672,0.3989629880000002,0.4131943880000002,0.4139380600000002,4.4087199275,,,,,,,,,
,,,PA,1.77409933,,,,,,,,,,,,,,2.3609,2.3755,2.7598,3.4219,3.9813,5.5164,5.584499999999999,5.449,5.7951,5.9985,6.3025,6.7754,56.3208,,,0.31284123159091903,0.37029283538908553,0.3591262429518821,0.3980009338559556,0.5446198050480844,2.6912714940513296,2.536302900999999,2.1685120894739085,1.981151680076136,1.560272393675749,1.3834588697230197,1.7228221119999998,16.028672588836066,,,,,,,,,
,,,% of PA Revenue,1.1287700635482236,,,,,,,,,,,,,,1.0725513356351082,1.0109801251223562,1.0024336202825905,0.9916826059236075,0.9812441464977572,0.9904837145832586,0.9807520064628299,0.9666660753250901,0.9622415940224159,0.9589008248609245,0.9540858033849041,0.9519888718719705,0.9758704217737995,,,2.858851546638804,3.7425574526818766,4.331449131262145,4.647149469209853,2.804073301495187,1.3786764844912103,1.5121563744307884,1.5704609381688617,1.3435817073706955,1.2979451984180037,1.2433231346767093,1.2130163508322862,1.4853828698766325,,,,,,,,,
,,,Direct Cloud Cost,0.23409933,,,,,,,,,,,,,,0.279,0.229,0.243,0.269,0.283,0.457,0.403,0.334,0.335,0.346,0.341,0.359,3.8780000000000006,,,0.14376336459091899,0.17565693238908547,0.17811098495188216,0.19194543385595564,0.2025222850480844,0.7113138250513292,0.6425185409999992,0.4481404894739084,0.27387958207613594,0.2373510986757488,0.2140703997230197,0.21,3.6292729368360677,,,,,,,,,
,,,Other Direct Expenses,1.54,,,,,,,,,,,,,,2.0419,2.1065,2.4768,3.1129,3.6583,5.0194,5.1415,5.075,5.4201,5.6065,5.9155,6.3704,51.9448,,,0.13907786700000002,0.164635903,0.15101525799999999,0.17605549999999998,0.31209752,1.9399576690000002,1.8537843600000001,1.6803716,1.667272098,1.2829212950000002,1.1293884699999999,1.4728221119999998,11.969399652,,,,,,,,,
,,,Customer Success,0,,,,,,,,,,,,,,0.04,0.04,0.04,0.04,0.04,0.04,0.04,0.04,0.04,0.046,0.046,0.046,0.49799999999999994,,,0.03,0.03,0.03,0.03,0.03,0.04,0.04,0.04,0.04,0.04,0.04,0.04,0.42999999999999994,,,,,,,,,
,,,Networks & Jusbiz,0.06017684,,,,,,,,,,,,,,0.0091,0.0091,0.0091,0.0091,0.02002,0.0091,0.0455,0.02002,0.0091,0.0273,0.01638,0.01638,0.2002,,,0.0319843,0.0435885,0.0560254,0.0732174,0.1029643,0.1127096,0.1179631,0.2304704,0.2715947,0.2803572,0.2647339,0.1972861,1.7828948999999996,,,,,,,,,
,,,% of Network & Jusbiz Revenue,0.13261360280471748,,,,,,,,,,,,,,0.02,0.02,0.02,0.02,0.02,0.02,0.02,0.02,0.02,0.02,0.02,0.02,0.020000000000000004,,,0.0586578495157112,0.08156477070164769,0.11039630486554257,0.1408297448892062,0.18701612801072443,0.1425801553854699,0.2572297895677714,0.49549924202098705,0.5947441417051554,0.6228356707896192,0.5670737133742915,0.38842845043961455,0.28510869879764295,,,,,,,,,
,,,Direct Cloud Cost,0.06017684,,,,,,,,,,,,,,0.0091,0.0091,0.0091,0.0091,0.02002,0.0091,0.0455,0.02002,0.0091,0.0273,0.01638,0.01638,0.2002,,,0.0319843,0.0435885,0.0560254,0.0732174,0.1029643,0.1127096,0.1179631,0.2304704,0.2715947,0.2803572,0.2647339,0.1972861,1.7828948999999996,,,,,,,,,
,,,Other Direct Expenses,0,,,,,,,,,,,,,,0,0,0,0,0,0,0,0,0,0,0,0,0,,,0,0,0,0,0,0,0,0,0,0,0,0,0,,,,,,,,,
,,,Customer Success,0,,,,,,,,,,,,,,0,0,0,0,0,0,0,0,0,0,0,0,0,,,0,0,0,0,0,0,0,0,0,0,0,0,0,,,,,,,,,
,,,International,0.36038371,,,,,,,,,,,,,,0.40404183862537635,0.4601890622090151,0.675632448340163,0.900951250462626,0.9131270079165047,0.8942473666239998,0.7998089875531391,0.9675834249037107,1.1735934036348101,1.1719843382267576,1.5944971721567538,1.4721633758793689,11.427819676532225,,,0.166111873632,0.17479842233200002,0.197228358951,0.216608662836,0.22103684720999997,0.21020663978999998,0.21011973010999999,0.2525470235,0.1319224,0.12087368799999999,0.1326096407,0.160095622,2.1941589090609996,,,,,,,,,
,,,% of International  Revenue,0.1646175634322535,,,,,,,,,,,,,,0.18852463113550627,0.16920805114247456,0.12126839728983785,0.058001128233405946,0.12532763859681456,0.009891469382331755,0.1649147913860246,0.13726234902952777,0.09984185815193777,0.16323567559541116,0.12416972893861654,0.141484757747145,0.0642955141565312,,,0.23916280879345767,0.1030027971355946,0.09064231378277865,0.28672163290429026,0.13856348100160046,0.08789468885083361,0.15229949896494763,0.1891540855361083,0.027590613756455603,0.026110257052903645,0.07633527955699089,0.01731875004324066,0.06768637452908992,,,,,,,,,
,,,Direct Cloud Cost,,,,,,,,,,,,,,,0,0,0,0,0,0,0,0,0,0,0,0,0,,,0.154710773632,0.16339732233200002,0.158143058951,0.172110262836,0.17508674720999998,0.16425653979,0.16416963011,0.1943070235,0.0859723,0.077279776,0.0890157287,0.14097363,1.7394227930609998,,,,,,,,,
,,,Customer Success,,,,,,,,,,,,,,,0,0,0,0,0,0,0,0,0,0,0,0,0,,,0.0114011,0.0114011,0.0390853,0.0444984,0.0459501,0.0459501,0.0459501,0.05824,0.0459501,0.043593912,0.043593912,0.019121992,0.45473611599999997,,,,,,,,,
,,,Merchant Business,0.25321257,,,,,,,,,,,,,,0.345078828947957,0.3693760525315957,0.39371943866274356,0.5297112504626259,0.5546270079165047,0.6281123666239997,0.6535951778757197,0.6748596152262913,0.7241334036348102,0.9805093382267576,1.0208221721567536,1.0795883758793687,7.954133028145128,,,0.166111873632,0.17479842233200002,0.197228358951,0.216608662836,0.22103684720999997,0.21020663978999998,0.21011973010999999,0.2525470235,0.1319224,0.12087368799999999,0.1326096407,0.160095622,2.1941589090609996,,,,,,,,,
,,,% of Merchant Revenue,0.1646826540377362,,,,,,,,,,,,,,0.22891946465602145,0.22676261622498123,0.22490187585893537,0.21793555117283753,0.21706109148246736,0.21491617985886943,0.21429305624060188,0.213811588932267,0.21281157450400934,0.21077692900722067,0.2103293618958651,0.20973971284549128,0.21464622130365413,,,0.5612543026027587,0.5889500776461746,0.6294454979350532,0.6084475738701733,0.5884362017710375,0.5268006535975674,0.48656746048523575,0.4832558236136902,0.256834379255701,0.12368296295807567,0.12188150857568561,0.076576928939754,0.2864137270581906,,,,,,,,,
,,,Direct Cloud Cost,0.17226287,,,,,,,,,,,,,,0.301484916947957,0.3257821405315957,0.35012552666274355,0.4861173384626259,0.5110330959165047,0.5845184546239998,0.6100012658757198,0.6312657032262914,0.6805394916348102,0.9303763394267576,0.9706891733567535,1.0294553770793688,7.411388823745128,,,0.154710773632,0.16339732233200002,0.158143058951,0.172110262836,0.17508674720999998,0.16425653979,0.16416963011,0.1943070235,0.0859723,0.077279776,0.0890157287,0.14097363,1.7394227930609998,,,,,,,,,
,,,Other Direct Expenses,0,,,,,,,,,,,,,,0,0,0,0,0,0,0,0,0,0,0,0,0,,,0.0114011,0.0114011,0.0390853,0.0444984,0.0459501,0.0459501,0.0459501,0.05824,0.0459501,0.043593912,0.043593912,0.019121992,0.45473611599999997,,,,,,,,,
,,,Customer Success,0.0809497,,,,,,,,,,,,,,0.043593912,0.043593912,0.043593912,0.043593912,0.043593912,0.043593912,0.043593912,0.043593912,0.043593912,0.050132998799999995,0.050132998799999995,0.050132998799999995,0.5427442044,,,0,0,0,0,0,0,0,0,0,0,0,0,0,,,,,,,,,
,,,Bank Business,0.00063258,,,,,,,,,,,,,,0.027113009677419354,0.027113009677419354,0.027113009677419354,0.04,0.04,0.04,0.03792380967741935,0.03792380967741935,0.08,0.08,0.08,0.09,0.6071866483870968,,,0,0,0,0,0,0,0,0,0,0,0,0,0,,,,,,,,,
,,,% of Bank Business Revenue,0.0032289351966803786,,,,,,,,,,,,,,0.15,0.15,0.15,0.004778542396228807,0.2212959782549337,0.00047476152652586287,0.15,0.15,0.02602620176668796,0.08553173065110731,0.08553173065110731,0.0962231969824957,0.006088180080553318,,,0,0,0,0,0,0,0,0,0,0,0,0,0,,,,,,,,,
,,,Direct Cloud Cost,0.00063258,,,,,,,,,,,,,,0.027113009677419354,0.027113009677419354,0.027113009677419354,0.04,0.04,0.04,0.03792380967741935,0.03792380967741935,0.08,0.08,0.08,0.09,0.6071866483870968,,,0,0,0,0,0,0,0,0,0,0,0,0,0,,,,,,,,,
,,,Other Direct Expenses,0,,,,,,,,,,,,,,0,0,0,0,0,0,0,0,0,0,0,0,0,,,0,0,0,0,0,0,0,0,0,0,0,0,0,,,,,,,,,
,,,Customer Success,0,,,,,,,,,,,,,,0,0,0,0,0,0,0,0,0,0,0,0,0,,,0,0,0,0,0,0,0,0,0,0,0,0,0,,,,,,,,,
,,,Networks & Jusbiz,0.10653856,,,,,,,,,,,,,,0.03185,0.0637,0.2548,0.33124000000000003,0.3185,0.22613500000000003,0.10829000000000001,0.2548,0.36946,0.11147500000000002,0.4936750000000001,0.30257500000000004,2.8665000000000003,,,0,0,0,0,0,0,0,0,0,0,0,0,0,,,,,,,,,
,,,% of Network & Jusbiz Revenue,0.23377602312952517,,,,,,,,,,,,,,0.07,0.07,0.07,0.07,0.07,0.07,0.07,0.07,0.07,0.07,0.07,0.07,0.07000000000000002,,,0,0,0,0,0,0,0,0,0,0,0,0,0,,,,,,,,,
,,,Direct Cloud Cost,0.10653856,,,,,,,,,,,,,,0.03185,0.0637,0.2548,0.33124000000000003,0.3185,0.22613500000000003,0.10829000000000001,0.2548,0.36946,0.11147500000000002,0.4936750000000001,0.30257500000000004,2.8665000000000003,,,0,0,0,0,0,0,0,0,0,0,0,0,0,,,,,,,,,
,,,Other Direct Expenses,0,,,,,,,,,,,,,,0,0,0,0,0,0,0,0,0,0,0,0,0,,,0,0,0,0,0,0,0,0,0,0,0,0,0,,,,,,,,,
,,,Customer Success,0,,,,,,,,,,,,,,0,0,0,0,0,0,0,0,0,0,0,0,0,,,0,0,0,0,0,0,0,0,0,0,0,0,0,,,,,,,,,
,,,Gross Margin,45.53007414248998,,,,,,,,,,,,,,43.26809491464438,45.73415388383103,50.829854946885916,64.11640483735133,57.84497274511257,143.96792901641874,62.360720152829785,63.182352549533974,72.83411243222605,69.56271876457164,71.98608193713113,77.73793866872525,823.4253348492617,,,42.157456334387845,43.62652427442068,43.91836749154491,45.55932134227776,45.29221193189528,47.195739203937585,42.29582604538244,40.84024135482876,49.8525747922328,52.03335916014665,43.61028862987958,57.39261358707589,551.1745241480102,,,,,,,,,
,,,% of Revenue,0.8198037774587583,,,,,,,,,,,,,,0.8147749515838607,0.8176934023603512,0.8202298007564554,0.8397294739927889,0.8198307353662682,0.9065164164118454,0.8114186653042745,0.8147162680338178,0.8160570540666996,0.8099504096081079,0.8051694590031536,0.8057672654195266,0.8299369091772759,,,0.865257011312294,0.8590000688905726,0.8703175545111113,0.8569944819056504,0.8367641266414826,0.80435139026447,0.7865004407278415,0.7885981908101402,0.8257954991924322,0.8633217405335816,0.8091350819548099,0.8509451576408812,0.8339925493658307,,,,,,,,,
,,,India - Gross Margin,43.7012399920986,,,,,,,,,,,,,,41.52895877068051,43.4746788455326,45.9341063640629,49.48401599765136,51.47218087559709,54.456258712073264,58.31069741315486,57.100782060456766,62.25318297983734,63.554996007815156,60.739307844654654,68.80499976135832,657.1141656328748,,,41.62901258513679,42.104296720828046,41.93969862634019,45.02046324579775,43.91804601996381,45.014371989398995,41.1262975721956,39.757649236162095,45.2030740182328,47.524876355979984,42.00569836157819,48.30864589040217,520.9521306220164,,,,,,,,,
,,,% of India Revenue,0.8191644896617922,,,,,,,,,,,,,,0.8149137159143157,0.8170239236578951,0.8144506819322799,0.8136101478939979,0.8135155234392779,0.7960445389509558,0.8098246068837717,0.8099148561297042,0.8033007972477019,0.8075043775670236,0.7933182071468025,0.7993906354032169,0.8068540597698854,,,0.8667670784971085,0.8576865343294513,0.8685583216345244,0.8590662327154037,0.8360149259374463,0.7997727944162529,0.7848890203546891,0.7880094517658953,0.813184388070222,0.8541225569690756,0.8053206636210931,0.830021755604264,0.8289211379488126,,,,,,,,,
,,,Merchant Business - Gross Margin,13.630068550287199,,,,,,,,,,,,,,11.760383825906233,12.397154666894632,13.687891870277353,14.525489640232658,15.580733959099769,18.717629765121693,17.911269325866236,18.429360417997607,22.927211778375163,20.686127470123914,18.919328577421844,24.51660069832393,210.0591819956411,,,11.654888471370217,12.253174669217124,13.512408925997867,13.478574658653695,13.169577451011897,13.795295297450327,11.772990012195603,11.483342551036008,16.19440377030893,15.608182281945734,11.64026313633554,17.597818459235977,162.1609196847589,,,,,,,,,
,,,% of MB Revenue,0.7341870192204552,,,,,,,,,,,,,,0.7278185954443622,0.7294050268661056,0.7381068279194959,0.7491181683077227,0.7670895825690827,0.7783807619391093,0.7902671610026499,0.7980187053372658,0.7902632133387388,0.789779775141584,0.7613903570118211,0.7849740899100964,0.7708830800104419,,,0.7391332081676042,0.7259467924238138,0.755310434945099,0.7328140158225592,0.7154089848580206,0.7088674690303537,0.6812520611548633,0.6852677520936231,0.7568083034752757,0.8457370714195114,0.6848194933177845,0.7697544670361341,0.7352539153501225,,,,,,,,,
,,,Bank Business - Gross Margin,29.5949617215391,,,,,,,,,,,,,,29.482374944774275,30.657424178637974,31.807014493785537,34.4839263574187,34.834366916497316,35.239728946951566,38.06032808728861,37.50254164245916,38.6526712014622,41.27406853769124,40.714059267232805,43.1440790630344,435.85258363723375,,,27.0642517758,29.631658751499998,28.252036570000005,31.407562710000004,30.651264402999995,31.280488972000004,29.871707666999992,28.8273490236,29.330228469999998,32.1050837715,30.43407523435128,30.70274779200189,359.55845514075315,,,,,,,,,
,,,% of Bank Business Revenue,0.9113651322714462,,,,,,,,,,,,,,0.9171234156620409,0.9176103792024513,0.918052420388336,0.9189688838492978,0.9190785558041249,0.9192027264481675,0.9199942887974453,0.9198470955420729,0.9201459992797545,0.9193962700992544,0.9192521046621562,0.9198508560117571,0.9191321646298466,,,0.9330925831348759,0.9383548251766325,0.9478549602462508,0.940125696373072,0.9182699297370827,0.9178454248123965,0.9057431711728356,0.9051009754928713,0.9092318171403546,0.9034933289199774,0.9062319280261428,0.9189172417631419,0.9198812899956407,,,,,,,,,
,,,PA - Gross Margin,-0.20238921180000013,,,,,,,,,,,,,,-0.15969999999999995,-0.025800000000000267,-0.006699999999999928,0.02870000000000017,0.07610000000000028,0.052999999999999936,0.10960000000000036,0.18789999999999996,0.22740000000000027,0.25710000000000033,0.3033000000000001,0.34169999999999945,1.3926000000000016,,,-0.20341224359091908,-0.27135171288908555,-0.2762149049518821,-0.3123568338559556,-0.3503952800480844,-0.7392025900513297,-0.8590273599999991,-0.7876995924739085,-0.506621572076136,-0.3581627856757488,-0.27074823872301934,-0.3025427309199997,-5.237735845256065,,,,,,,,,
,,,% of PA Revenue,-0.12877006354822368,,,,,,,,,,,,,,-0.0725513356351081,-0.01098012512235616,-0.0024336202825905083,0.008317394076392561,0.018755853502242882,0.009516285416741469,0.01924799353717012,0.03333392467490996,0.037758405977584106,0.04109917513907544,0.04591419661509584,0.0480111281280296,0.02412957822620053,,,-1.8588515466388043,-2.742557452681877,-3.3314491312621453,-3.647149469209853,-1.8040733014951866,-0.3786764844912102,-0.5121563744307884,-0.5704609381688617,-0.3435817073706955,-0.29794519841800376,-0.24332313467670935,-0.2130163508322863,-0.48538286987663254,,,,,,,,,
,,,Networks & Jusbiz - Gross Margin,0.3935989320723,,,,,,,,,,,,,,0.4459,0.4459,0.4459,0.4459,0.9809799999999999,0.4459,2.2295,0.9809799999999999,0.4459,1.3377,0.80262,0.80262,9.809799999999997,,,0.5132845815575002,0.49081501299999997,0.4514680352942,0.4466827110000001,0.4475994460000001,0.6777903100000002,0.34062725299999996,0.23465725400000012,0.18506335000000007,0.16977308821000003,0.2021082296143999,0.31062237008430005,4.4704916417603995,,,,,,,,,
,,,% of Networks & Jusbiz Revenue,0.8673863971952825,,,,,,,,,,,,,,0.98,0.98,0.98,0.98,0.98,0.98,0.98,0.98,0.98,0.9799999999999999,0.9800000000000001,0.9800000000000001,0.98,,,0.9413421504842888,0.9184352292983523,0.8896036951344575,0.8591702551107938,0.8129838719892756,0.8574198446145301,0.7427702104322286,0.504500757979013,0.40525585829484456,0.3771643292103808,0.4329262866257086,0.6115715495603854,0.7148913012023571,,,,,,,,,
,,,International - Gross Margin,1.8288341503913783,,,,,,,,,,,,,,1.739136143963871,2.259475038298426,4.895748582823018,14.632388839699967,6.37279186951548,89.51167030434547,4.0500227396749215,6.081570489077209,10.580929452388704,6.007722756756492,11.246774092476477,8.932938907366937,166.31116921638693,,,0.528443749251051,1.5222275535926388,1.978668865204722,0.538858096480014,1.374165911931472,2.1813672145385867,1.169528473186847,1.0825921186666672,4.649500774,4.508482804166667,1.604590268301387,9.083967696673726,30.222393525993784,,,,,,,,,
,,,% of International Revenue,0.8353824365677465,,,,,,,,,,,,,,0.8114753688644938,0.8307919488575255,0.8787316027101623,0.941998871766594,0.8746723614031854,0.9901085306176682,0.8350852086139753,0.8627376509704723,0.9001581418480623,0.8367643244045888,0.8758302710613834,0.858515242252855,0.9357044858434688,,,0.7608371912065424,0.8969972028644054,0.9093576862172214,0.7132783670957097,0.8614365189983996,0.9121053111491664,0.8477005010350523,0.8108459144638916,0.9724093862435444,0.9738897429470964,0.9236647204430092,0.9826812499567593,0.9323136254709101,,,,,,,,,
,,,Merchant Business - Gross Margin,-1.713506583,,,,,,,,,,,,,,1.162345755791828,1.2595346501263829,1.356908194650974,1.9008754418505034,2.0005384716660184,2.294479906495999,2.396411151502879,2.4814689009051656,2.6785640545392404,3.67137235890703,3.8326236946270136,4.067688509517475,29.10281109058051,,,0.129853561041148,-0.16569266938908553,-0.18110626195188212,-0.2377790698559556,-0.4088194420480844,-2.6253713440513295,-2.469428690999999,-2.1096743894739083,-1.923983221076136,-1.491142346696749,-1.3267698527230196,-1.65256202448,-14.684814447900067,,,,,,,,,
,,,% of MB Revenue,-1.1144186554386792,,,,,,,,,,,,,,0.7710805353439786,0.7732373837750188,0.7750981241410646,0.7820644488271624,0.7829389085175326,0.7850838201411305,0.7857069437593982,0.786188411067733,0.7871884254959907,0.7892230709927793,0.7896706381041348,0.7902602871545087,0.7853537786963458,,,0.4387456973972414,-0.5582699729220565,-0.5779925454928125,-0.6679146451335635,-1.0883441504229263,-6.579465526703879,-5.718376120130309,-4.036921205851877,-3.7457250344405013,-1.5257985975550945,-1.219434049658969,-0.7904533749032873,-1.9168768587417273,,,,,,,,,
,,,Bank Business - Gross Margin,0.19527720495026668,,,,,,,,,,,,,,0.153640388172043,0.153640388172043,0.153640388172043,8.330753397849463,0.14075339784946236,84.21282539784946,0.214901588172043,0.214901588172043,2.9938253978494624,0.8553253978494625,0.8553253978494625,0.8453253978494625,99.12485812580645,,,0.025548532209903,0.025080225764014998,0.025340562536362004,0.026422923114669997,0.19,0.189623181266667,0.189216752166667,0.189495483166667,0.189939889,0.19330480816666668,0.19344971016666665,0.19768326316666665,1.6351053307249508,,,,,,,,,
,,,% of Bank Business Revenue,0.9967710648033197,,,,,,,,,,,,,,0.85,0.85,0.85,0.9952214576037713,0.7787040217450663,0.9995252384734741,0.85,0.85,0.973973798233312,0.9144682693488927,0.9144682693488927,0.9037768030175043,0.9939118199194467,,,1,1,1,1,1,1,1,1,1,1,1,1,1,,,,,,,,,
,,,Networks & Jusbiz - Gross Margin,0.34919064,,,,,,,,,,,,,,0.42315,0.8463,3.3852,4.40076,4.2315,3.004365,1.43871,3.3852,4.9085399999999995,1.481025,6.558825000000001,4.019925,38.083499999999994,,,0.373041656,1.375149079328,1.8372199873592001,0.373041656,1.0295684141696,1.8029256559999998,0.758590551,0.62304877,4.077835539,3.4587652,0.4557292,6.9557292,23.1206449088568,,,,,,,,,
,,,% of Networks & Jusbiz Revenue,0.7662239768704748,,,,,,,,,,,,,,0.93,0.93,0.93,0.9299999999999999,0.9299999999999999,0.9299999999999999,0.93,0.93,0.9299999999999999,0.93,0.93,0.9299999999999999,0.9299999999999999,,,1,1,1,1,1,1,1,1,1,1,1,1,1,,,,,,,,,
,,,Operating Cost,52.76866087866665,,,,,,,,,,,,,,53.14650938969183,53.36037613589701,56.48074822934315,60.962259552262026,62.0444720987949,61.65546859413125,63.206218046919474,63.34338060827167,63.43298533367252,69.67117840099883,70.92121657023722,70.79481196284857,749.0196249230684,,,33.56050803181367,35.996696459026666,36.709771228832324,43.21150588948183,42.76891684344666,43.10917250887866,44.796104263473325,44.5478027671,44.10156306733333,48.79150227873332,54.011033613278,53.273111920939094,524.8776888723369,,,,,,,,,
,,,% of Revenue,0.9501400631236769,,,,,,,,,,,,,,1.0007938805778425,0.9540447085698822,0.9114169795514611,0.7984197847196015,0.8793497995115693,0.38822323015961985,0.8224200259533898,0.8167926734503566,0.7107237723288179,0.8112132545415767,0.7932588639505993,0.7338005485877838,0.7549428055132317,,,0.6888097006470159,0.7087698424847194,0.7274668924952753,0.8128308546105311,0.7901467785172771,0.7347045183641165,0.8329936790526049,0.860188762389583,0.7305314206966346,0.8095338327260426,1.002108068580888,0.7898663920019168,0.7942023128237609,,,,,,,,,
,,,India,40.90686631966665,,,,,,,,,,,,,,42.460416976567515,42.61610743427884,45.64357651380065,48.09501932658439,48.43749599867206,47.45047267075976,47.07789265624528,46.98747930839748,47.00506596054968,50.19633980639303,51.31170508035573,51.227070354318435,568.5086420869228,,,27.45157168741338,30.034519859166668,30.054245575499994,35.53341043402483,34.64438805916666,35.29134331916666,37.20025605183332,36.7227103525,36.90897267,41.35832853199999,45.915901158766644,43.1978050236667,434.3134527232048,,,,,,,,,
,,,% of India Revenue,0.7667849305528073,,,,,,,,,,,,,,0.8331915174833296,0.8008887065202273,0.8092993411661755,0.7907724342568366,0.7655524642852143,0.6936335791982247,0.653822327713393,0.6664682368739834,0.6065425919349358,0.6377746310694427,0.6701839603457985,0.5951666370527647,0.6980575520546196,,,0.5715753777006155,0.6118188701514339,0.6224142268550684,0.6780372931843879,0.6594834730185072,0.6270232154237396,0.7099611259246225,0.7278559826397003,0.6639769751687316,0.7432966485408646,0.8802859001092255,0.7422091284723452,0.6910646493142147,,,,,,,,,
,,,Indirect Cloud Infrastructure,7.85055719,,,,,,,,,,,,,,10.76,10.76,13.844000000000001,13.751500000000002,13.294,12.177,11.811,11.403,11.603000000000002,11.603000000000002,11.603000000000002,11.603000000000002,144.21250000000003,,,2.9460786928,3.8297502819999996,4.339759011,5.535941768,5.648735123,6.17656421,6.506500848,7.0807703405,7.24547533,6.641464562,7.1421442761,7.588827842,70.6820122854,,,,,,,,,
,,,Payroll Cost,23.556309129666644,,,,,,,,,,,,,,22.85222497656752,22.57291543427884,22.51638451380065,24.26032732658439,24.06030399867207,23.860280670759753,23.67786732291195,23.495453975064148,23.313040627216346,26.504314473059694,26.419679747022393,26.335045020985095,289.8678380869228,,,18.67119419561338,19.00526030916667,19.483999773499995,21.720650749024827,21.17624503816666,21.21120047516666,21.259793323833325,21.286744,21.368390063,24.483354637999984,24.444768891666648,24.0206709306667,258.13227238780485,,,,,,,,,
,,,Salaries - Product and R&D,19.30188933833331,,,,,,,,,,,,,,19.597986775779283,19.342879931702367,19.18555170943594,20.971307200495964,20.813096550859925,20.65488590122389,20.496675251587853,20.338464601951813,20.180253952315777,23.00918019899051,22.948748171164976,22.88831614333944,250.42734638884772,,,15.684134958113379,16.002248671666667,16.418905811999995,18.548254990999993,17.916353881333325,18.224581104333325,17.931391665999993,17.946024,18.304863501,20.14535256233332,20.186871423999982,20.0580427416667,217.36702531344667,,,,,,,,,
,,,Salaries - Sales & Marketing,3.060296283333333,,,,,,,,,,,,,,2.0750266497882355,2.0508239515764703,2.0266212533647057,2.002418555152941,1.9782158569411765,1.954013158729412,1.9298104605176472,1.9056077623058827,1.8814050640941178,2.1440043396917647,2.11980164148,2.0955989432682354,24.163347636910586,,,1.7894008333333336,1.8346277333333336,1.8614842573333334,1.9724248978581667,1.8693277666666668,1.7908765666666668,1.8806316666666667,1.8922,1.819816,2.7691634323333325,3.077422275666666,2.780661738,25.338037167858165,,,,,,,,,
,,,Salaries - G&A,1.1941235080000001,,,,,,,,,,,,,,1.179211551,1.179211551,1.304211551,1.2866015709354839,1.2689915908709677,1.2513816108064517,1.2513816108064517,1.2513816108064517,1.2513816108064517,1.3511299343774195,1.3511299343774195,1.3511299343774195,15.277144061164519,,,1.1976584041666667,1.1683839041666666,1.2036097041666667,1.1999708601666668,1.3905633901666665,1.1957428041666667,1.4477699911666666,1.44852,1.243710562,1.5688386433333337,1.1804751920000003,1.181966451,15.4272099065,,,,,,,,,
,,,Other Expenses,9.5,,,,,,,,,,,,,,8.848192,9.283192,9.283192,10.083192,11.083192,11.413192,11.589025333333334,12.089025333333334,12.089025333333334,12.089025333333334,13.289025333333333,13.289025333333333,134.428304,,,5.834298799,7.199509268,6.230486791,8.276817916999999,7.819407897999999,7.903578634,9.43396188,8.355196012,8.295107277,10.233509332000002,14.328987991,11.588306250999999,105.49916805,,,,,,,,,
,,,Building/Office Rental & Maintenance Charges,3.41,,,,,,,,,,,,,,3.3,3.3,3.3,3.3,3.3,3.63,3.63,3.63,3.63,3.63,3.63,3.63,41.910000000000004,,,2.441748019,2.4707809130000005,2.468895179,2.757396582,2.6581487569999998,2.966082202,2.949227768,2.994386489,3.8236429669999996,3.5032226050000004,3.1144895320000003,3.28878161,35.436802623000005,,,,,,,,,
,,,Professional & Consultancy,3.56,,,,,,,,,,,,,,3,3,3,3,3.6,3.6,3.6,3.7,3.7,3.7,3.9,3.9,41.699999999999996,,,1.182571154,1.995356577,1.933006976,3.222877671,2.9461540389999996,2.2645964189999996,3.586360091999999,3.3902048400000004,2.2600915699999993,3.306059630000001,8.57264829,5.935577689,40.595504946999995,,,,,,,,,
,,,Other Expenses,2.53,,,,,,,,,,,,,,2.548192,2.983192,2.983192,3.783192,4.183192,4.183192,4.359025333333333,4.759025333333334,4.759025333333334,4.759025333333334,5.759025333333334,5.759025333333334,50.818304,,,2.209979626,2.733371778,1.8285846359999998,2.2965436639999997,2.215105102,2.6729000130000005,2.89837402,1.9706046829999997,2.2113727400000016,3.4242270970000006,2.6418501689999996,2.363946952,29.466860479999994,,,,,,,,,
,,,International,11.861794559,,,,,,,,,,,,,,10.686092413124314,10.744268701618171,10.837171715542496,12.86724022567763,13.60697610012284,14.204995923371488,16.128325390674192,16.35590129987419,16.42791937312284,19.474838594605806,19.609511489881484,19.567741608530135,180.5109828361456,,,6.10893634440029,5.962176599859999,6.655525653332331,7.678095455456998,8.124528784279999,7.8178291897120005,7.59584821164,7.8250924146,7.1925903973333325,7.433173746733329,8.095132454511361,10.075306897272391,90.56423614913203,,,,,,,,,
,,,% of International Revenue,5.418279639322604,,,,,,,,,,,,,,4.986096581775293,3.950586655026068,1.9451499825492884,0.8283627443286696,1.8675717269197472,0.1571246251276414,3.325543296714007,2.320264460027573,1.3975828346536825,2.7124837179240444,1.5270693287111685,1.8805909904448495,1.0155958687539088,,,8.795460209569006,3.5133089796173906,3.0587500087072206,10.163379607077097,5.093101010339632,3.268905610237484,5.505641360956179,5.8608815871441085,1.5042781480720144,1.6056602595438483,4.659873865158542,1.089921882828246,2.7937652016072256,,,,,,,,,
,,,Indirect Cloud Infrastructure,0.24452728,,,,,,,,,,,,,,0.2,0.2,0.2,0.2,0.2,0.2,0.2,0.2,0.2,0.2,0.2,0.2,2.4,,,0.051061326847,0.06333061086,0.057825185998999995,0.10000863645699999,0.21936990728000003,0.124822548712,0.13039959224,0.10039121960000001,0.131476763,0.12005382500000002,0.12348666180000001,0.155454404,1.3776806817949998,,,,,,,,,
,,,Payroll Cost,7.377267278999999,,,,,,,,,,,,,,6.186092413124314,6.2442687016181715,6.337171715542496,6.567240225677629,6.806976100122839,6.904995923371487,7.12832539067419,7.355901299874189,7.427919373122839,8.374838594605809,8.509511489881486,8.467741608530133,86.31098283614558,,,4.562162236553291,4.744180525,5.075693153333332,5.530023603999998,5.402438986999998,5.223698188999999,5.8359331414,5.948386,5.398915456333333,5.678952991933329,5.140836512533328,6.0471132991999905,64.58833409628659,,,,,,,,,
,,,Salaries - Product and R&D,3.715159311999999,,,,,,,,,,,,,,3.584298105324314,3.642474393818172,3.621589453142496,3.85165796327763,3.977605883122839,3.961837751771488,4.0713792644741895,4.0713792644741895,4.029609383122838,4.6237859453458094,4.644670886021485,4.602901004670134,48.68318929856558,,,2.8447063553970553,2.8603512652062593,3.1406877133333317,3.6068498209999986,3.4355262739999985,3.4462849309999988,3.9261359728,3.95275,3.3479324433333324,3.468855474133328,3.599028585333328,3.63490694599999,41.26401578153662,,,,,,,,,
,,,Salaries - Sales & Marketing,3.662107967,,,,,,,,,,,,,,2.6017943078,2.6017943078,2.7155822624,2.7155822624,2.829370217,2.9431581716,3.0569461262,3.2845220353999998,3.39830999,3.75105264926,3.8648406038600003,3.8648406038600003,37.627793537580004,,,1.6895974360868484,1.850603685880109,1.886827136,1.871751672,1.9223572719999997,1.753318479,1.8827743605999998,1.965636,2.020983013,2.2100975178000004,1.5418079272,2.4122063532,23.007960852766956,,,,,,,,,
,,,Salaries - G&A,0,,,,,,,,,,,,,,0,0,0,0,0,0,0,0,0,0,0,0,0,,,0.027858445069387155,0.03322557391363225,0.048178304000000005,0.051422111,0.044555441,0.024094779,0.027022808000000002,0.03,0.03,0,0,0,0.3163574619830194,,,,,,,,,
,,,Other Expenses,4.24,,,,,,,,,,,,,,4.3,4.3,4.3,6.1,6.6,7.1,8.8,8.8,8.8,10.9,10.9,10.9,91.8,,,1.495712781,1.154665464,1.522007314,2.048063215,2.50271989,2.4693084520000004,1.629515478,1.7763151950000005,1.6621981779999997,1.6341669298000001,2.830809280178034,3.8727391940724,24.598221371050435,,,,,,,,,
,,,Building/Office Rental & Maintenance Charges,0.26,,,,,,,,,,,,,,0.3,0.3,0.3,0.6,0.6,0.6,0.8,0.8,0.8,0.9,0.9,0.9,7.800000000000001,,,0.24680970500000002,0.292258095,0.188516548,0.346264372,0.306729109,0.30377180400000003,0.311735169,0.307793419,0.307857054,0.32800055400000006,0.23174155400000002,0.220790074,3.3922674569999995,,,,,,,,,
,,,Professional & Consultancy,0.5,,,,,,,,,,,,,,1,1,1,1.5,2,2.5,3,3,3,4,4,4,30,,,0.47834595,0.47017080499999997,0.492798364,0.287737827,1.044038761,0.085563735,0.04476657,0.214917594,0.042118633,0.16944548880000002,0.7333612750200001,0.8555820674208,4.9188470702408,,,,,,,,,
,,,Other Expenses,3.48,,,,,,,,,,,,,,3,3,3,4,4,4,5,5,5,6,6,6,54,,,0.7705571259999998,0.392236564,0.840692402,1.414061016,1.1519520200000002,2.079972913,1.273013739,1.2536041820000003,1.3122224909999998,1.136720887,1.8657064511580337,2.7963670526516,16.287106843809635,,,,,,,,,
,,,Ebitda,-7.23858673617667,,,,,,,,,,,,,,-9.878414475047448,-7.626222252065983,-5.650893282457233,3.1541452850893066,-4.199499353682332,82.3124604222875,-0.8454978940896893,-0.1610280587376991,9.401127098553525,-0.10845963642718459,1.0648653668939172,6.943126705876685,74.40570992619334,,,8.596948302574171,7.629827815394018,7.208596262712585,2.3478154527959347,2.5232950884486254,4.086566695058925,-2.5002782180908776,-3.7075614122712395,5.751011724899468,3.2418568814133346,-10.400744983398429,4.1195016661368005,26.29683527567333,,,,,,,,,
,,,% of Revenue,-0.13033628566491862,,,,,,,,,,,,,,-0.18601892899398167,-0.13635130620953093,-0.09118717879500564,0.04130968927318749,-0.05951906414530119,0.5182931862522258,-0.011001360649115262,-0.0020764054165386767,0.10533328173788156,-0.0012628449334686606,0.011910595052554403,0.07196671683174284,0.07499410366404421,,,0.17644731066527808,0.15023022640585318,0.1428506620158358,0.044163627295119356,0.0466173481242055,0.06964687190035336,-0.04649323832476332,-0.07159057157944278,0.0952640784957976,0.05378790780753892,-0.19297298662607829,0.061078765638964395,0.03979023654206983,,,,,,,,,
,,,Ebitda-India,2.794373672431952,,,,,,,,,,,,,,-0.9314582058870045,0.858571411253763,0.29052985026224576,1.3889966710669697,3.034684876925027,7.005786041313506,11.23280475690958,10.113302752059283,15.248117019287662,13.358656201422129,9.427602764298925,17.577929407039882,88.605523545952,,,14.177440897723411,12.069776861661378,11.885453050840194,9.48705281177292,9.273657960797152,9.723028670232338,3.9260415203622756,3.034938883662093,8.2941013482328,6.166547823979997,-3.910202797188454,5.110840866735465,86.63867789881158,,,,,,,,,
,,,% of Revenue India,0.052379559108985015,,,,,,,,,,,,,,-0.018277801569013964,0.0161352171376679,0.005151340766104322,0.02283771363716125,0.0479630591540636,0.10241095975273119,0.15600227917037865,0.14344661925572083,0.19675820531276608,0.16972974649758096,0.12313424680100396,0.20422399835045216,0.10879650771526585,,,0.2951917007964931,0.2458676641780174,0.24614409477945592,0.1810289395310158,0.17653145291893904,0.1727495789925133,0.07492789443006671,0.06015346912619494,0.14920741290149037,0.11082590842821091,-0.07496523648813229,0.08781262713191886,0.13785648863459785,,,,,,,,,
,,,Ebitda-International,-10.032960408608622,,,,,,,,,,,,,,-8.946956269160443,-8.484793663319746,-5.941423132719478,1.765148614022337,-7.234184230607359,75.30667438097399,-12.07830265099927,-10.274330810796982,-5.846989920734137,-13.467115837849313,-8.362737397405008,-10.634802701163197,-14.199813619758658,,,-5.58049259514924,-4.43994904626736,-4.676856788127609,-7.139237358976985,-6.750362872348527,-5.636461975173414,-6.426319738453153,-6.742500295933333,-2.5430896233333327,-2.924690942566662,-6.490542186209974,-0.9913392005986648,-60.34184262313825,,,,,,,,,
,,,% of Revenue International,-4.582897202754857,,,,,,,,,,,,,,-4.174621212910799,-3.119794706168543,-1.066418379839126,0.11363612743792442,-0.9928993655165619,0.8329839054900269,-2.4904580881000316,-1.4575268090571007,-0.49742469280562013,-1.8757193935194554,-0.651239057649785,-1.0220757481919944,-0.07989138291044005,,,-8.034623018362463,-2.6163117767529847,-2.149392322489999,-9.450101239981388,-4.231664491341232,-2.3568002990883175,-4.657940859921127,-5.050035672680217,-0.53186876182847,-0.6317705165967518,-3.736209144715533,-0.10724063287148657,-1.8614515761363157,,,,,,,,,
,,,Exception Item,0,,,,,,,,,,,,,,0,0,0,0,0,43.235,0,0,0,0,0,0,0,,,0,0,0,0,0,43.235,0,0,0,0,0,0,43.235,,,,,,,,,
,,,Xyne Acqui Hire,0,,,,,,,,,,,,,,0,0,0,0,0,43.235,0,0,0,0,0,0,0,,,0,0,0,0,0,43.235,0,0,0,0,0,0,43.235,,,,,,,,,
,,,Ebitda Post Exception Item,-7.23858673617667,,,,,,,,,,,,,,-9.878414475047448,-7.626222252065983,-5.650893282457233,3.1541452850893066,-4.199499353682332,39.0774604222875,-0.8454978940896893,-0.1610280587376991,9.401127098553525,-0.10845963642718459,1.0648653668939172,6.943126705876685,74.40570992619334,,,8.596948302574171,7.629827815394018,7.208596262712585,2.3478154527959347,2.5232950884486254,-39.14843330494107,-2.5002782180908776,-3.7075614122712395,5.751011724899468,3.2418568814133346,-10.400744983398429,4.1195016661368005,-16.93816472432667,,,,,,,,,
,,,% of Revenue,-0.13033628566491862,,,,,,,,,,,,,,-0.18601892899398167,-0.13635130620953093,-0.09118717879500564,0.04130968927318749,-0.05951906414530119,0.24605729641667512,-0.011001360649115262,-0.0020764054165386767,0.10533328173788156,-0.0012628449334686606,0.011910595052554403,0.07196671683174284,0.07499410366404421,,,0.17644731066527808,0.15023022640585318,0.1428506620158358,0.044163627295119356,0.0466173481242055,-0.6672021094836049,-0.04649323832476332,-0.07159057157944278,0.0952640784957976,0.05378790780753892,-0.19297298662607829,0.061078765638964395,-0.025629455936584906,,,,,,,,,
